/station/id,/station/latitude,/station/long,/station/name,/station/nbStandardBikes,/station/nbDocks,/station/nbEmptyDocks,/station/terminalName,/station/area,/station/bikeavailability%,/station/HighDemand
1,51.52916347,-0.109970527,"River Street , Clerkenwell",13,19,6,1023,Clerkenwell,68.42,0
2,51.49960695,-0.197574246,"Phillimore Gardens, Kensington",21,37,16,1018,Kensington,56.76,0
3,51.52128377,-0.084605692,"Christopher Street, Liverpool Street",25,32,7,1012,Liverpool Street,78.13,0
4,51.53005939,-0.120973687,"St. Chad's Street, King's Cross",17,23,6,1013,King's Cross,73.91,0
5,51.49313,-0.156876,"Sedding Street, Sloane Square",20,27,7,3420,Sloane Square,74.07,0
6,51.51811784,-0.144228881,"Broadcasting House, Marylebone",3,18,15,3424,Marylebone,16.67,1
7,51.53430039,-0.1680743,"Charlbert Street, St. John's Wood",2,16,14,3422,St. John's Wood,12.5,1
8,51.529857,-0.18348604,"Maida Vale, Maida Vale",9,39,30,3423,Maida Vale,23.08,1
9,51.5073853,-0.096440751,"New Globe Walk, Bankside",3,19,16,1015,Bankside,15.79,1
10,51.50597426,-0.092754157,"Park Street, Bankside",18,18,0,1024,Bankside,100,0
11,51.52395143,-0.122502346,"Brunswick Square, Bloomsbury",21,24,3,1022,Bloomsbury,87.5,0
12,51.52168078,-0.130431727,"Malet Street, Bloomsbury",27,49,22,980,Bloomsbury,55.1,0
13,51.51991453,-0.136039674,"Scala Street, Fitzrovia",10,21,11,970,Fitzrovia,47.62,0
14,51.529416,-0.1239444,"Argyle Street, Kings Cross",22,45,23,1011,Kings Cross,48.89,0
15,51.51772703,-0.127854211,"Great Russell Street, Bloomsbury",3,26,23,988,Bloomsbury,11.54,1
16,51.52635795,-0.125979294,"Cartwright Gardens , Bloomsbury",5,21,16,1010,Bloomsbury,23.81,1
17,51.5216612,-0.109006325,"Hatton Wall, Holborn",7,26,19,1008,Holborn,26.92,0
18,51.51477076,-0.12221963,"Drury Lane, Covent Garden",5,27,22,1007,Covent Garden,18.52,1
19,51.52505093,-0.131161087,"Taviton Street, Bloomsbury",13,30,17,1009,Bloomsbury,43.33,0
20,51.527326,-0.13605286,"Drummond Street , Euston",1,28,27,993,Euston,3.57,1
21,51.539834,-0.062806212,"Lansdowne Drive, Hackney Central",0,26,26,3426,Hackney Central,0,1
22,51.5222641,-0.114079481,"Northington Street , Holborn",2,19,17,3425,Holborn,10.53,1
23,51.51943538,-0.119123345,"Red Lion Square, Holborn",1,16,15,3421,Holborn,6.25,1
24,51.51908011,-0.124678402,"British Museum, Bloomsbury",7,35,28,981,Bloomsbury,20,1
25,51.5288338,-0.132250369,"Doric Way , Somers Town",5,50,45,1004,Somers Town,10,1
26,51.52728093,-0.11829517,"Ampton Street , Clerkenwell",7,21,14,1019,Clerkenwell,33.33,0
28,51.52351808,-0.143613641,"Bolsover Street, Fitzrovia",9,19,10,1025,Fitzrovia,47.37,0
29,51.513735,-0.193487,"Hereford Road, Bayswater",9,22,13,1016,Bayswater,40.91,0
30,51.52915444,-0.093421615,"Windsor Terrace, Hoxton",10,24,14,1029,Hoxton,41.67,0
31,51.52953709,-0.083353323,"Fanshaw Street, Hoxton",19,36,17,3427,Hoxton,52.78,0
33,51.515231,-0.07015,"Central House, Aldgate",0,18,18,3430,Aldgate,0,1
34,51.5341235,-0.129386874,"Pancras Road, King's Cross",16,16,0,3428,King's Cross,100,0
36,51.50173726,-0.184980612,"De Vere Gardens, Kensington",3,28,25,3446,Kensington,10.71,1
37,51.49159394,-0.192369256,"Penywern Road, Earl's Court",1,17,16,3444,Earl's Court,5.88,1
38,51.4973875,-0.197245586,"Abingdon Villas, Kensington",6,17,11,3442,Kensington,35.29,0
39,51.5263778,-0.078130921,"Shoreditch High Street, Shoreditch",28,41,13,3445,Shoreditch,68.29,0
40,51.52127071,-0.0755789,"Commercial Street, Shoreditch",12,16,4,1083,Shoreditch,75,0
41,51.520955,-0.083493552,"Pindar Street, Liverpool Street",20,24,4,1084,Liverpool Street,83.33,0
42,51.53099181,-0.093903825,"Wenlock Road , Hoxton",12,28,16,979,Hoxton,42.86,0
43,51.52026,-0.157183945,"Crawford Street, Marylebone",4,18,14,1036,Marylebone,22.22,1
44,51.51073687,-0.144165239,"Bruton Street, Mayfair",11,21,10,1034,Mayfair,52.38,0
45,51.522511,-0.162298,"Boston Place, Marylebone",11,26,15,1035,Marylebone,42.31,0
46,51.507131,-0.06691,"Nesham Street, Wapping",7,16,9,1031,Wapping,43.75,0
47,51.52334476,-0.183846408,"Warwick Avenue Station, Maida Vale",8,19,11,1027,Maida Vale,42.11,0
48,51.51248445,-0.099141408,"Godliman Street, St. Paul's",12,25,13,971,St. Paul's,48,0
49,51.50706909,-0.145904427,"Curzon Street, Mayfair",7,16,9,3437,Mayfair,43.75,0
50,51.52867339,-0.087459376,"East Road, Hoxton",16,27,11,1054,Hoxton,59.26,0
51,51.52671796,-0.104298194,"Finsbury Library , Finsbury",25,29,4,986,Finsbury,86.21,0
52,51.52295439,-0.094934859,"Roscoe Street, St. Luke's",16,18,2,1026,St. Luke's,88.89,0
53,51.5099923,-0.143495266,"Grafton Street, Mayfair",5,18,13,3431,Mayfair,27.78,0
54,51.52174785,-0.094475072,"Golden Lane, Barbican",3,27,24,967,Barbican,11.11,1
55,51.51707521,-0.086685542,"Finsbury Circus, Liverpool Street",18,33,15,984,Liverpool Street,54.55,0
56,51.52058381,-0.154701411,"Paddington Street, Marylebone",3,16,13,1033,Marylebone,18.75,1
57,51.52334672,-0.120202614,"Guilford Street , Bloomsbury",11,32,21,974,Bloomsbury,34.38,0
58,51.52452699,-0.079248081,"New Inn Yard, Shoreditch",14,20,6,1032,Shoreditch,70,0
60,51.52644828,-0.172190727,"Lisson Grove, St. John's Wood",0,18,18,1030,St. John's Wood,0,1
61,51.49738251,-0.089446947,"Great Dover Street, The Borough",6,33,27,1017,The Borough,18.18,1
62,51.4907579,-0.106323685,"Cotton Garden Estate, Kennington",13,24,11,990,Kennington,54.17,0
63,51.53089041,-0.089782579,"Murray Grove , Hoxton",11,27,16,989,Hoxton,40.74,0
64,51.50946212,-0.124749274,"William IV Street, Strand",16,26,10,1028,Strand,61.54,0
65,51.52522753,-0.13518856,"Gower Place , Euston",7,17,10,969,Euston,41.18,0
66,51.51795029,-0.108657431,"Holborn Circus, Holborn",24,40,16,982,Holborn,60,0
67,51.51882555,-0.108028472,"Hatton Garden, Holborn",7,28,21,985,Holborn,25,0
68,51.52059681,-0.116688468,"Theobald's Road , Holborn",10,26,16,975,Holborn,38.46,0
69,51.5262363,-0.134407652,"Euston Road, Euston",1,24,23,983,Euston,4.17,1
70,51.53136059,-0.117069978,"Calshot Street , King's Cross",9,24,15,1066,King's Cross,37.5,0
71,51.515768,-0.099894,"Newgate Street , St. Paul's",8,35,27,1074,St. Paul's,22.86,1
72,51.52352001,-0.108340165,"Farringdon Lane, Clerkenwell",5,16,11,3432,Clerkenwell,31.25,0
73,51.525615,-0.0885326,"Old Street Station, St. Luke's",8,34,26,1064,St. Luke's,23.53,1
74,51.48591714,-0.124469948,"Vauxhall Cross, Vauxhall",7,17,10,1000,Vauxhall,41.18,0
75,51.53219984,-0.105480698,"Torrens Street, Angel",10,19,9,1060,Angel,52.63,0
76,51.52559505,-0.144083893,"Longford Street, The Regent's Park",15,21,6,976,The Regent's Park,71.43,0
77,51.52341837,-0.124121774,"Russell Square Station, Bloomsbury",12,26,14,978,Bloomsbury,46.15,0
78,51.52486887,-0.099489485,"Sadlers Sports Centre, Finsbury",2,17,15,3433,Finsbury,11.76,1
79,51.511726,-0.11385596,"Arundel Street, Temple",14,18,4,3455,Temple,77.78,0
80,51.50069361,-0.102091246,"Webber Street , Southwark",31,45,14,3448,Southwark,68.89,0
81,51.52025302,-0.141327271,"Great Titchfield Street, Fitzrovia",9,19,10,3450,Fitzrovia,47.37,0
83,51.50963938,-0.131510949,"Panton Street, West End",5,21,16,3452,West End,23.81,1
84,51.51593725,-0.111778348,"Breams Buildings, Holborn",11,25,14,3449,Holborn,44,0
85,51.50064702,-0.078600401,"Tanner Street, Bermondsey",15,41,26,994,Bermondsey,36.59,0
86,51.48947903,-0.115156562,"Sancroft Street, Vauxhall",9,24,15,3434,Vauxhall,37.5,0
88,51.51858757,-0.132053392,"Bayley Street , Bloomsbury",12,25,13,1006,Bloomsbury,48,0
89,51.5262503,-0.123509611,"Tavistock Place, Bloomsbury",8,19,11,3439,Bloomsbury,42.11,0
90,51.53301907,-0.139174593,"Harrington Square 1, Camden Town",1,27,26,1038,Camden Town,3.7,1
91,51.49368637,-0.111014912,"Walnut Tree Walk, Vauxhall",12,20,8,1076,Vauxhall,60,0
92,51.49889832,-0.100440521,"Borough Road, Elephant & Castle",35,41,6,1082,Elephant & Castle,85.37,0
93,51.53440868,-0.109025404,"Cloudesley Road, Angel",3,37,34,2586,Angel,8.11,1
94,51.49506109,-0.085814489,"Bricklayers Arms, Borough",1,28,27,1070,Borough,3.57,1
95,51.5208417,-0.097340162,"Aldersgate Street, Barbican",2,15,13,1065,Barbican,13.33,1
96,51.53095071,-0.078505384,"Falkirk Street, Hoxton",22,26,4,1047,Hoxton,84.62,0
97,51.49792478,-0.183834706,"Gloucester Road (North), Kensington",6,18,12,3447,Kensington,33.33,0
98,51.52554222,-0.138231303,"Hampstead Road, Euston",32,54,22,972,Euston,59.26,0
99,51.51457763,-0.158264483,"Old Quebec Street, Marylebone",10,16,6,1085,Marylebone,62.5,0
100,51.49043573,-0.122806861,"Albert Embankment, Vauxhall",18,24,6,1059,Vauxhall,75,0
101,51.51155322,-0.0929401,"Queen Street 1, Bank",8,22,14,999,Bank,36.36,0
102,51.51340693,-0.076793375,"Jewry Street, Aldgate",4,17,13,1045,Aldgate,23.53,1
103,51.50472376,-0.192538767,"Vicarage Gate, Kensington",0,18,18,3441,Kensington,0,1
104,51.51159481,-0.077121322,"Crosswall, Tower",3,34,31,991,Tower,8.82,1
105,51.51552971,-0.190240716,"Westbourne Grove, Bayswater",0,26,26,1041,Bayswater,0,1
106,51.51410514,-0.147301667,"Woodstock Street, Mayfair",8,21,13,1042,Mayfair,38.1,0
107,51.52600832,-0.096317627,"Finsbury Leisure Centre, St. Luke's",9,20,11,1049,St. Luke's,45,0
109,51.51563144,-0.132328837,"Soho Square , Soho",28,57,29,1052,Soho,49.12,0
110,51.53304322,-0.172528678,"Wellington Road, St. John's Wood",1,17,16,1055,St. John's Wood,5.88,1
111,51.5100172,-0.157275636,"Park Lane , Hyde Park",17,28,11,1037,Hyde Park,60.71,0
113,51.49646288,-0.183289032,"Gloucester Road (Central), South Kensington",6,19,13,3435,South Kensington,31.58,0
114,51.52451738,-0.158963647,"Park Road (Baker Street), The Regent's Park",6,22,16,1050,The Regent's Park,27.27,0
115,51.51423368,-0.073537654,"Braham Street, Aldgate",10,34,24,1062,Aldgate,29.41,0
116,51.51449962,-0.141423695,"Little Argyll Street, West End",2,21,19,995,West End,9.52,1
117,51.49288067,-0.114934001,"Lollard Street, Vauxhall",22,25,3,998,Vauxhall,88,0
118,51.49582705,-0.13547809,"Rochester Row, Westminster",5,13,8,3457,Westminster,38.46,0
119,51.52589324,-0.090847761,"Bath Street, St. Luke's",6,18,12,964,St. Luke's,33.33,0
120,51.51573534,-0.093080779,"The Guildhall, Guildhall",10,17,7,1044,Guildhall,58.82,0
121,51.51891348,-0.156166631,"Baker Street, Marylebone",3,22,19,1086,Marylebone,13.64,1
122,51.52111369,-0.078869751,"Norton Folgate, Liverpool Street",15,23,8,1068,Liverpool Street,65.22,0
123,51.52836014,-0.104724625,"St. John Street, Finsbury",8,18,10,992,Finsbury,44.44,0
125,51.50069491,-0.094524319,"Borough High Street, The Borough",8,21,13,996,The Borough,38.1,0
126,51.51782144,-0.096496865,"Museum of London, Barbican",21,52,31,1043,Barbican,40.38,0
127,51.51700801,-0.09388536,"Wood Street, Guildhall",7,17,10,1063,Guildhall,41.18,0
128,51.49536226,-0.185296516,"Emperor's Gate, South Kensington",0,22,22,1116,South Kensington,0,1
129,51.5118973,-0.137043852,"Golden Square, Soho",7,18,11,3451,Soho,38.89,0
130,51.50950627,-0.075459482,"Tower Gardens , Tower",8,24,16,1071,Tower,33.33,0
131,51.53300545,-0.136792671,"Eversholt Street , Camden Town",0,16,16,1005,Camden Town,0,1
132,51.52364804,-0.074754872,"Bethnal Green Road, Shoreditch",36,38,2,973,Shoreditch,94.74,0
133,51.50136494,-0.191462381,"Derry Street, Kensington",6,18,12,3436,Kensington,33.33,0
134,51.504904,-0.06797,"Wapping High Street, Wapping",12,20,8,1039,Wapping,60,0
135,51.52326004,-0.104708922,"Clerkenwell Green, Clerkenwell",10,21,11,1053,Clerkenwell,47.62,0
136,51.51196176,-0.097441687,"Queen Victoria Street, St. Paul's",11,32,21,1048,St. Paul's,34.38,0
138,51.51227622,-0.157436972,"Green Street, Mayfair",3,19,16,3464,Mayfair,15.79,1
139,51.49488108,-0.117974901,"Lambeth Road, Vauxhall",14,18,4,1078,Vauxhall,77.78,0
140,51.52096262,-0.085634242,"Finsbury Square , Moorgate",21,33,12,1056,Moorgate,63.64,0
141,51.51530805,-0.147203711,"Chapel Place, Marylebone",7,29,22,1003,Marylebone,24.14,1
142,51.49372451,-0.198286569,"West Cromwell Road, Earl's Court",7,24,17,1001,Earl's Court,29.17,0
143,51.4968865,-0.161203828,"Pont Street, Knightsbridge",16,24,8,1114,Knightsbridge,66.67,0
144,51.48894022,-0.111435796,"Kennington Cross, Kennington",23,47,24,1093,Kennington,48.94,0
145,51.50074359,-0.202759212,"Ilchester Place, Kensington",22,24,2,1115,Kensington,91.67,0
146,51.48836528,-0.129361842,"Vauxhall Bridge , Pimlico",17,35,18,1046,Pimlico,48.57,0
147,51.51494305,-0.11614642,"Portugal Street, Holborn",14,16,2,3456,Holborn,87.5,0
148,51.49211134,-0.138364847,"Tachbrook Street, Victoria",2,16,14,965,Victoria,12.5,1
149,51.48478899,-0.110683213,"Kennington Road Post Office, Oval",4,18,14,1073,Oval,22.22,1
150,51.49705603,-0.168917077,"Holy Trinity Brompton, Knightsbridge",12,28,16,1002,Knightsbridge,42.86,0
151,51.51213691,-0.201554966,"Chepstow Villas, Notting Hill",12,26,14,1120,Notting Hill,46.15,0
152,51.49217002,-0.101536865,"Hampton Street, Walworth",7,21,14,1118,Walworth,33.33,0
153,51.511933,-0.174411,"Bayswater Road, Hyde Park",0,27,27,1096,Hyde Park,0,1
154,51.50379168,-0.11282408,"Waterloo Station 3, Waterloo",11,35,24,1072,Waterloo,31.43,0
155,51.49586666,-0.191933711,"Lexham Gardens, Kensington",1,19,18,1121,Kensington,5.26,1
156,51.49443626,-0.092921165,"New Kent Road, The Borough",12,33,21,966,The Borough,36.36,0
157,51.50039792,-0.193068385,"Wright's Lane, Kensington",6,37,31,1094,Kensington,16.22,1
158,51.49085368,-0.196170309,"Trebovir Road, Earl's Court",7,18,11,1113,Earl's Court,38.89,0
160,51.50663341,-0.131773845,"Waterloo Place, St. James's",12,20,8,3458,St. James's,60,0
161,51.49234577,-0.141334487,"Guildhouse Street, Victoria",2,16,14,3478,Victoria,12.5,1
162,51.51760685,-0.121328408,"Southampton Place, Holborn",11,20,9,1123,Holborn,55,0
163,51.4931848,-0.167894973,"Sloane Avenue, Knightsbridge",22,27,5,3461,Knightsbridge,81.48,0
164,51.515607,-0.183118788,"Cleveland Gardens, Bayswater",8,16,8,1178,Bayswater,50,0
165,51.517932,-0.183716959,"Orsett Terrace, Bayswater",11,15,4,2585,Bayswater,73.33,0
166,51.50185512,-0.159237081,"Seville Street, Knightsbridge",22,27,5,1177,Knightsbridge,81.48,0
167,51.49395092,-0.147624377,"Eccleston Place, Victoria",11,19,8,3465,Victoria,57.89,0
168,51.50040123,-0.195455928,"Argyll Road, Kensington",16,19,3,3463,Kensington,84.21,0
169,51.5147461,-0.165164,"Porchester Place, Paddington",3,18,15,3477,Paddington,16.67,1
170,51.5278427,-0.1080682,"Hardwick Street, Clerkenwell",19,30,11,1057,Clerkenwell,63.33,0
171,51.4916156,-0.186753859,"Collingham Gardens, Earl's Court",1,14,13,3459,Earl's Court,7.14,1
172,51.49121192,-0.173715911,"Sumner Place, South Kensington",4,19,15,1124,South Kensington,21.05,1
173,51.50486,-0.113001,"Waterloo Road, South Bank",8,15,7,1176,South Bank,53.33,0
175,51.521668,-0.079608554,"Worship Street, Shoreditch",11,51,40,997,Shoreditch,21.57,1
176,51.51791921,-0.188098863,"Gloucester Terrace, Bayswater",12,23,11,1173,Bayswater,52.17,0
177,51.49616092,-0.140947636,"Ashley Place, Victoria",15,25,10,1122,Victoria,60,0
178,51.48985626,-0.141923621,"Warwick Square, Pimlico",8,19,11,3460,Pimlico,42.11,0
180,51.5129118,-0.153645496,"North Audley Street, Mayfair",9,17,8,1126,Mayfair,52.94,0
181,51.49941247,-0.152317537,"Belgrave Square, Belgravia",14,21,7,3473,Belgravia,66.67,0
182,51.52202903,-0.165842551,"Bell Street , Marylebone",9,18,9,1166,Marylebone,50,0
183,51.482362,-0.13612398,"Riverlight North, Nine Elms",0,24,24,1165,Nine Elms,0,1
184,51.52071513,-0.14521173,"Portland Place, Marylebone",19,34,15,1164,Marylebone,55.88,0
185,51.48805753,-0.140741432,"Alderney Street, Pimlico",0,14,14,1174,Pimlico,0,1
186,51.51733558,-0.175810943,"South Wharf Road, Paddington",7,16,9,1167,Paddington,43.75,0
187,51.49247977,-0.178433004,"Queen's Gate (South), South Kensington",3,25,22,1172,South Kensington,12,1
188,51.5165179,-0.164393768,"Nutford Place, Marylebone",2,18,16,1112,Marylebone,11.11,1
189,51.53166681,-0.109914711,"Claremont Square, Angel",3,18,15,1104,Angel,16.67,1
190,51.48997562,-0.132845681,"Rampayne Street, Pimlico",9,21,12,1106,Pimlico,42.86,0
191,51.50311799,-0.153520935,"Hyde Park Corner, Hyde Park",14,36,22,1075,Hyde Park,38.89,0
192,51.51251523,-0.133201961,"Wardour Street, Soho",5,16,11,1163,Soho,31.25,0
193,51.50581776,-0.100186337,"Bankside Mix, Bankside",43,60,17,963,Bankside,71.67,0
194,51.50462759,-0.091773776,"Hop Exchange, The Borough",48,56,8,960,The Borough,85.71,0
195,51.50724437,-0.106237501,"Milroy Walk, South Bank",20,30,10,959,South Bank,66.67,0
196,51.50368837,-0.098497684,"Union Street, The Borough",2,17,15,961,The Borough,11.76,1
197,51.50556905,-0.111606696,"Stamford Street, South Bank",14,27,13,962,South Bank,51.85,0
199,51.51048489,-0.082989638,"Great Tower Street, Monument",16,24,8,1080,Monument,66.67,0
200,51.51492456,-0.066078037,"LMU Commercial Road, Whitechapel",7,14,7,1105,Whitechapel,50,0
201,51.5225965,-0.161113413,"Dorset Square, Marylebone",4,16,12,1162,Marylebone,25,0
202,51.51236389,-0.06954201,"Leman Street, Aldgate",1,37,36,1102,Aldgate,2.7,1
203,51.51821864,-0.100791005,"West Smithfield Rotunda, Farringdon",5,15,10,1040,Farringdon,33.33,0
204,51.52659961,-0.112432615,"Margery Street, Clerkenwell",8,19,11,3468,Clerkenwell,42.11,0
206,51.518154,-0.062697,"New Road 1 , Whitechapel",30,36,6,1171,Whitechapel,83.33,0
207,51.50135267,-0.153194766,"Grosvenor Crescent, Belgravia",6,18,12,1169,Belgravia,33.33,0
208,51.52505151,-0.166304359,"Mallory Street, Marylebone",0,20,20,1175,Marylebone,0,1
209,51.49358391,-0.165101392,"Denyer Street, Knightsbridge",4,30,26,3454,Knightsbridge,13.33,1
210,51.51681444,-0.151926305,"Hinde Street, Marylebone",7,21,14,3476,Marylebone,33.33,0
211,51.49464523,-0.158105512,"Cadogan Place, Knightsbridge",14,34,20,3469,Knightsbridge,41.18,0
212,51.50658458,-0.199004026,"Campden Hill Road, Notting Hill",0,17,17,3487,Notting Hill,0,1
213,51.50274025,-0.149569201,"Wellington Arch, Hyde Park",13,36,23,1109,Hyde Park,36.11,0
214,51.52683806,-0.130504336,"Endsleigh Gardens, Euston",18,32,14,1079,Euston,56.25,0
215,51.51906932,-0.088285377,"Moorfields, Moorgate",31,54,23,1092,Moorgate,57.41,0
216,51.49094565,-0.181190899,"Old Brompton Road, South Kensington",5,30,25,3479,South Kensington,16.67,1
217,51.51615461,-0.082422399,"Wormwood Street, Liverpool Street",5,16,11,2587,Liverpool Street,31.25,0
218,51.48971651,-0.170194408,"St. Luke's Church, Chelsea",8,20,12,3486,Chelsea,40,0
219,51.49016361,-0.19039362,"Bramham Gardens, Earl's Court",3,29,26,1183,Earl's Court,10.34,1
220,51.49066456,-0.166485083,"Chelsea Green, Chelsea",13,15,2,1179,Chelsea,86.67,0
221,51.49481649,-0.13045856,"Horseferry Road, Westminster",9,16,7,1170,Westminster,56.25,0
222,51.50275704,-0.155349725,"Knightsbridge, Hyde Park",19,43,24,1101,Hyde Park,44.19,0
223,51.49148474,-0.090220911,"Rodney Road , Walworth",12,24,12,3481,Walworth,50,0
224,51.51031,-0.18740235,"Queensway, Kensington Gardens",1,17,16,1150,Kensington Gardens,5.88,1
225,51.50935342,-0.196422,"Notting Hill Gate Station, Notting Hill",13,30,17,1182,Notting Hill,43.33,0
226,51.50844614,-0.131961389,"Charles II Street, West End",6,24,18,3488,West End,25,0
227,51.52891573,-0.115480888,"Great Percy Street, Clerkenwell",7,23,16,3470,Clerkenwell,30.43,0
228,51.50742485,-0.134621209,"St. James's Square, St. James's",13,40,27,1067,St. James's,32.5,0
229,51.50654321,-0.123179697,"Whitehall Place, Strand",23,46,23,1151,Strand,50,0
230,51.50669284,-0.103137426,"Poured Lines, Bankside",23,31,8,1144,Bankside,74.19,0
231,51.49396755,-0.17873226,"Queen's Gate (Central), South Kensington",15,31,16,1089,South Kensington,48.39,0
232,51.51501025,-0.112753217,"Carey Street, Holborn",10,16,6,1139,Holborn,62.5,0
233,51.50777049,-0.130699733,"Pall Mall East, West End",14,22,8,1153,West End,63.64,0
234,51.53450449,-0.106992706,"Liverpool Road (N1 Centre), Angel",6,24,18,1081,Angel,25,0
235,51.49571828,-0.110889274,"Kennington Road, Vauxhall",17,36,19,1154,Vauxhall,47.22,0
236,51.51838043,-0.073438925,"Fashion Street, Whitechapel",24,30,6,3483,Whitechapel,80,0
237,51.50978602,-0.068161981,"Dock Street, Wapping",7,30,23,3467,Wapping,23.33,1
238,51.5233534,-0.175116099,"Frampton Street, Paddington",20,32,12,1099,Paddington,62.5,0
239,51.52443845,-0.138019439,"Warren Street Station, Euston",4,26,22,1090,Euston,15.38,1
240,51.50545935,-0.10569204,"Colombo Street, Southwark",5,14,9,3472,Southwark,35.71,0
242,51.52200801,-0.151359288,"Beaumont Street, Marylebone",10,23,13,3482,Marylebone,43.48,0
243,51.49096258,-0.139625122,"Gloucester Street, Pimlico",11,25,14,1103,Pimlico,44,0
244,51.51611887,-0.128585022,"Earnshaw Street , Covent Garden",4,18,14,1145,Covent Garden,22.22,1
245,51.4853572,-0.142207481,"Grosvenor Road, Pimlico",23,29,6,1140,Pimlico,79.31,0
246,51.52285301,-0.099994052,"Berry Street, Clerkenwell",30,41,11,1159,Clerkenwell,73.17,0
247,51.530529,-0.167515,"St. John's Wood Church, The Regent's Park",3,50,47,1091,The Regent's Park,6,1
248,51.50645179,-0.170279555,"Triangle Car Park, Hyde Park",10,27,17,1088,Hyde Park,37.04,0
249,51.49859784,-0.096191134,"Harper Road, The Borough",36,42,6,1137,The Borough,85.71,0
250,51.489932,-0.162727,"Royal Avenue 1, Chelsea",9,10,1,3440,Chelsea,90,0
251,51.518908,-0.079249,"Brushfield Street, Liverpool Street",11,34,23,1161,Liverpool Street,32.35,0
253,51.53404294,-0.086379717,"Shoreditch Park, Hoxton",8,30,22,1051,Hoxton,26.67,0
254,51.53051587,-0.106408455,"Chadwell Street, Angel",2,18,16,3471,Angel,11.11,1
255,51.52557531,-0.179592915,"Clifton Road, Maida Vale",2,22,20,1147,Maida Vale,9.09,1
256,51.51362054,-0.116764211,"Houghton Street, Strand",13,15,2,3484,Strand,86.67,0
257,51.52248185,-0.154907218,"Westminster University, Marylebone",4,16,12,1194,Marylebone,25,0
258,51.50143293,-0.178656971,"Kensington Gore, Knightsbridge",17,23,6,1193,Knightsbridge,73.91,0
259,51.490959,-0.1532331,"Bourne Street, Belgravia",11,16,5,1180,Belgravia,68.75,0
260,51.5136846,-0.135580879,"Broadwick Street, Soho",8,18,10,3489,Soho,44.44,0
261,51.5134891,-0.191351186,"Princes Square, Bayswater",4,16,12,3491,Bayswater,25,0
262,51.49874469,-0.103132904,"LSBU (Borough Road), Elephant & Castle",24,35,11,1095,Elephant & Castle,68.57,0
263,51.51422502,-0.080660083,"St. Mary Axe, Aldgate",18,21,3,1184,Aldgate,85.71,0
264,51.52644342,-0.109256828,"Tysoe Street, Clerkenwell",10,20,10,1146,Clerkenwell,50,0
265,51.51595344,-0.169249375,"Southwick Street, Paddington",2,17,15,3490,Paddington,11.76,1
266,51.50102668,-0.180246101,"Queen's Gate (North), Kensington",34,41,7,1204,Kensington,82.93,0
267,51.49206037,-0.132224622,"Regency Street, Westminster",10,22,12,1155,Westminster,45.45,0
268,51.49320445,-0.144132875,"Belgrave Road, Victoria",17,29,12,1087,Victoria,58.62,0
269,51.50082346,-0.089740764,"Empire Square, The Borough",33,46,13,1209,The Borough,71.74,0
270,51.4863434,-0.122492418,"Kennington Lane Rail Bridge, Vauxhall",19,31,12,1190,Vauxhall,61.29,0
271,51.53583617,-0.156285395,"London Zoo,  The Regent's Park",26,32,6,1136, The Regent's Park,81.25,0
272,51.50144456,-0.110699309,"Baylis Road, Waterloo",12,22,10,1133,Waterloo,54.55,0
273,51.50613324,-0.114686385,"Belvedere Road 1, South Bank",30,38,8,1186,South Bank,78.95,0
274,51.49671237,-0.20528437,"Warwick Road, Olympia",16,36,20,1134,Olympia,44.44,0
275,51.52004497,-0.092176447,"Barbican Centre, Barbican",5,19,14,1191,Barbican,26.32,0
276,51.50930161,-0.084985356,"Lower Thames Street, Monument",3,24,21,1098,Monument,12.5,1
277,51.50315739,-0.191496313,"Kensington Church Street, Kensington",3,17,14,1143,Kensington,17.65,1
278,51.5034938,-0.07962099,"Tooley Street, Bermondsey",19,27,8,1142,Bermondsey,70.37,0
279,51.518623,-0.176603,"North Wharf Road, Paddington",14,23,9,1108,Paddington,60.87,0
280,51.490083,-0.162418,"Royal Avenue 2, Chelsea",7,10,3,3462,Chelsea,70,0
281,51.49580589,-0.127575233,"Smith Square, Westminster",13,18,5,3480,Westminster,72.22,0
282,51.518675,-0.06111,"Royal London Hospital, Whitechapel",39,42,3,1077,Whitechapel,92.86,0
283,51.51440928,-0.118478757,"Kingsway, Covent Garden",13,16,3,1141,Covent Garden,81.25,0
284,51.49914063,-0.112031483,"Lambeth North Station, Waterloo",9,20,11,1117,Waterloo,45,0
286,51.5272947,-0.174653609,"St. John's Wood Road, St. John's Wood",8,35,27,1187,St. John's Wood,22.86,1
287,51.52367314,-0.128377673,"Bedford Way, Bloomsbury",13,23,10,1156,Bloomsbury,56.52,0
288,51.49236962,-0.147478734,"Elizabeth Bridge, Victoria",22,34,12,1138,Victoria,64.71,0
289,51.50923,-0.15129,"South Audley Street, Mayfair",6,15,9,3493,Mayfair,40,0
290,51.518268,-0.17110323,"St Mary's Hospital, Paddington",1,20,19,3496,Paddington,5,1
291,51.48483991,-0.138089062,"Claverton Street, Pimlico",21,32,11,1135,Pimlico,65.63,0
292,51.49888404,-0.165471605,"Montpelier Street, Knightsbridge",8,16,8,1206,Knightsbridge,50,0
293,51.49815779,-0.209494128,"Kensington Olympia Station, Olympia",5,25,20,1214,Olympia,20,1
294,51.488226,-0.135635511,"St. George's Square, Pimlico",4,16,12,1195,Pimlico,25,0
295,51.50029631,-0.092762704,"Swan Street, The Borough",19,27,8,1216,The Borough,70.37,0
296,51.49363156,-0.190603326,"Knaresborough Place, Earl's Court",1,18,17,200069,Earl's Court,5.56,1
297,51.49612799,-0.106000855,"Geraldine Street, Elephant & Castle",8,17,9,3498,Elephant & Castle,47.06,0
298,51.50227992,-0.074189225,"Curlew Street, Shad Thames",0,21,21,1213,Shad Thames,0,1
299,51.49398524,-0.136928582,"Vincent Square, Westminster",16,19,3,1196,Westminster,84.21,0
300,51.505014,-0.17306032,"Serpentine Car Park, Hyde Park",10,18,8,1217,Hyde Park,55.56,0
301,51.51475963,-0.148105415,"Marylebone Lane, Marylebone",9,24,15,1152,Marylebone,37.5,0
302,51.466907,-0.216573,"Putney Pier, Wandsworth",0,28,28,3492,Wandsworth,0,1
303,51.50295379,-0.158456089,"Albert Gate, Hyde Park",23,34,11,1132,Hyde Park,67.65,0
306,51.51816295,-0.135025698,"Rathbone Street, Fitzrovia",3,16,13,3497,Fitzrovia,18.75,1
307,51.50990837,-0.187842717,"Black Lion Gate, Kensington Gardens",0,24,24,1157,Kensington Gardens,0,1
308,51.49907558,-0.085666316,"Long Lane , Bermondsey",14,20,6,1189,Bermondsey,70,0
309,51.50963123,-0.119047563,"Embankment (Savoy), Strand",41,41,0,1192,Strand,100,0
310,51.4908679,-0.116911864,"Black Prince Road, Vauxhall",10,19,9,1205,Vauxhall,52.63,0
311,51.51918144,-0.140485596,"Foley Street, Fitzrovia",3,24,21,3494,Fitzrovia,12.5,1
312,51.53088935,-0.176770502,"Grove End Road, St. John's Wood",10,20,10,1130,St. John's Wood,50,0
313,51.51734403,-0.138072691,"Wells Street, Fitzrovia",14,38,24,3495,Fitzrovia,36.84,0
314,51.50088934,-0.083159352,"Tyers Gate, Bermondsey",29,36,7,3485,Bermondsey,80.56,0
315,51.52536703,-0.153463612,"The Tennis Courts, The Regent's Park",4,16,12,1199,The Regent's Park,25,0
316,51.497998,-0.14296064,"Warwick Row, Westminster",13,21,8,968,Westminster,61.9,0
317,51.49679128,-0.093913472,"Dickens Square, Borough",14,32,18,1208,Borough,43.75,0
318,51.51004801,-0.138846453,"Sackville Street, Mayfair",10,18,8,1197,Mayfair,55.56,0
319,51.52702563,-0.088542771,"Baldwin Street, St. Luke's",13,21,8,3500,St. Luke's,61.9,0
320,51.49357351,-0.139956043,"Queen Mother Sports Centre, Victoria",15,26,11,1148,Victoria,57.69,0
321,51.49785559,-0.081608045,"Bermondsey Street, Bermondsey",6,24,18,2637,Bermondsey,25,0
322,51.526293,-0.073955,"Palissy Street, Shoreditch",19,26,7,3502,Shoreditch,73.08,0
323,51.523196,-0.083067,"Clifton Street, Shoreditch",14,24,10,3501,Shoreditch,58.33,0
324,51.49652013,-0.101384068,"Ontario Street, Elephant & Castle",13,15,2,1200,Elephant & Castle,86.67,0
325,51.50908747,-0.129697889,"St. Martin's Street, West End",7,18,11,1158,West End,38.89,0
326,51.53266186,-0.099981142,"Graham Street, Angel",12,26,14,1131,Angel,46.15,0
327,51.522168,-0.1928142,"Westbourne Green, Westbourne",3,21,18,1128,Westbourne,14.29,1
328,51.53114,-0.086016,"New North Road 2, Hoxton",8,22,14,2641,Hoxton,36.36,0
329,51.53589283,-0.160854428,"Prince Albert Road, The Regent's Park",1,24,23,2636,The Regent's Park,4.17,1
330,51.51641749,-0.179135079,"Eastbourne Mews, Paddington",10,34,24,1203,Paddington,29.41,0
331,51.52085887,-0.089887855,"Bunhill Row, Moorgate",18,30,12,1211,Moorgate,60,0
332,51.49334336,-0.194757949,"Nevern Place, Earl's Court",9,20,11,1210,Earl's Court,45,0
333,51.50860544,-0.193764092,"Palace Gardens Terrace, Notting Hill",15,37,22,2633,Notting Hill,40.54,0
335,51.51196803,-0.120718759,"Tavistock Street, Covent Garden",5,33,28,1207,Covent Garden,15.15,1
337,51.51108452,-0.197524944,"Pembridge Villas, Notting Hill",5,16,11,2589,Notting Hill,31.25,0
338,51.51175646,-0.119643424,"Wellington Street , Strand",14,24,10,1202,Strand,58.33,0
339,51.5333196,-0.1117812,"Risinghill Street, Angel",16,25,9,1127,Angel,64,0
340,51.51444134,-0.087587447,"Bank of England Museum, Bank",11,16,5,1201,Bank,68.75,0
341,51.50810309,-0.12602103,"Craven Street, Strand",8,23,15,1160,Strand,34.78,0
343,51.53692216,-0.150181444,"London Zoo Car Park, The Regent's Park",16,36,20,1188,The Regent's Park,44.44,0
344,51.528246,-0.10102611,"Goswell Road (City Uni), Finsbury",4,17,13,1222,Finsbury,23.53,1
345,51.48802358,-0.166878535,"Flood Street, Chelsea",26,33,7,1218,Chelsea,78.79,0
347,51.50013942,-0.113936001,"Lower Marsh, Waterloo",12,17,5,1219,Waterloo,70.59,0
348,51.51217033,-0.150481272,"Grosvenor Square, Mayfair",12,17,5,10627,Mayfair,70.59,0
349,51.51196,-0.142783033,"St. George Street, Mayfair",10,18,8,1221,Mayfair,55.56,0
350,51.50171544,-0.179854184,"Queen's Gate, Kensington Gardens",15,21,6,1231,Kensington Gardens,71.43,0
351,51.529423,-0.097122,"Macclesfield Rd, St Lukes",10,28,18,1226,St Lukes,35.71,0
352,51.486965,-0.116625,"Vauxhall Street, Vauxhall",11,19,8,1224,Vauxhall,57.89,0
353,51.49459148,-0.134234258,"Greycoat Street , Westminster",6,17,11,10623,Westminster,35.29,0
354,51.506767,-0.123702,"Northumberland Avenue, Strand",15,37,22,1097,Strand,40.54,0
355,51.461388,-0.13922146,"Clapham Common Station, Clapham Common",2,21,19,2694,Clapham Common,9.52,1
356,51.494412,-0.173881,"South Kensington Station, South Kensington",9,15,6,2685,South Kensington,60,0
357,51.520994,-0.139016,"Howland Street, Fitzrovia",14,30,16,2691,Fitzrovia,46.67,0
358,51.516226,-0.124826,"High Holborn , Covent Garden",9,20,11,1229,Covent Garden,45,0
359,51.49782999,-0.135440826,"Butler Place, Westminster",1,18,17,2662,Westminster,5.56,1
360,51.49675303,-0.138733562,"Howick Place, Westminster",21,27,6,2666,Westminster,77.78,0
361,51.50391973,-0.11342629,"Waterloo Station 2, Waterloo",17,48,31,2692,Waterloo,35.42,0
362,51.536264,-0.133952,"Royal College Street, Camden Town",46,57,11,2686,Camden Town,80.7,0
363,51.5291212,-0.171185285,"Lord's, St. John's Wood",6,24,18,2665,St. John's Wood,25,0
364,51.519572,-0.13214036,"Store Street, Bloomsbury",3,32,29,3507,Bloomsbury,9.38,1
365,51.530344,-0.100168,"City Road, Angel",44,47,3,2690,Angel,93.62,0
366,51.5109193,-0.151126385,"Millennium Hotel, Mayfair",4,27,23,1230,Mayfair,14.81,1
367,51.5173721,-0.1642075,"Harrowby Street, Marylebone",0,16,16,2680,Marylebone,0,1
368,51.50024195,-0.15934065,"Harriet Street, Knightsbridge",14,25,11,2681,Knightsbridge,56,0
370,51.520205,-0.174593,"Paddington Green, Paddington",6,20,14,2670,Paddington,30,0
371,51.49775,-0.10988,"King Edward Walk, Waterloo",1,22,21,2639,Waterloo,4.55,1
372,51.515208,-0.117863,"Sardinia Street, Holborn",18,24,6,2649,Holborn,75,0
373,51.49980661,-0.176415994,"Prince Consort Road, Knightsbridge",10,18,8,3499,Knightsbridge,55.56,0
374,51.50402794,-0.11386436,"Waterloo Station 1, Waterloo",3,36,33,2696,Waterloo,8.33,1
375,51.50194596,-0.194392952,"Kensington Town Hall, Kensington",7,18,11,10632,Kensington,38.89,0
376,51.49188409,-0.125674815,"Millbank Tower, Pimlico",20,24,4,2683,Pimlico,83.33,0
377,51.50535447,-0.113656543,"Waterloo Bridge, South Bank",5,15,10,2648,South Bank,33.33,0
378,51.49559291,-0.179077626,"Natural History Museum, South Kensington",39,42,3,2677,South Kensington,92.86,0
379,51.51431171,-0.200838199,"Turquoise Island, Notting Hill",10,21,11,2682,Notting Hill,47.62,0
380,51.50686435,-0.150666888,"Stanhope Gate, Mayfair",2,21,19,3506,Mayfair,9.52,1
381,51.51953043,-0.13577731,"Charlotte Street, Fitzrovia",6,14,8,2669,Fitzrovia,42.86,0
382,51.50935171,-0.14744969,"Farm Street, Mayfair",5,15,10,2678,Mayfair,33.33,0
383,51.51310333,-0.13121385,"Frith Street, Soho",3,18,15,2660,Soho,16.67,1
384,51.496481,-0.192404,"Marloes Road, Kensington",0,15,15,3505,Kensington,0,1
386,51.51352755,-0.130110822,"Moor Street, Soho",3,16,13,3504,Soho,18.75,1
387,51.49369988,-0.121394101,"Fire Brigade Pier, Vauxhall",22,30,8,2703,Vauxhall,73.33,0
388,51.51070161,-0.121723604,"Southampton Street, Strand",5,14,9,1228,Strand,35.71,0
389,51.51013066,-0.155757901,"Upper Grosvenor Street, Mayfair",3,18,15,10621,Mayfair,16.67,1
390,51.521776,-0.068856,"Buxton Street 1, Shoreditch",36,41,5,1223,Shoreditch,87.8,0
391,51.51066202,-0.142345694,"Clifford Street, Mayfair",5,17,12,2688,Mayfair,29.41,0
392,51.49942855,-0.179702476,"Imperial College, Knightsbridge",20,21,1,1220,Knightsbridge,95.24,0
393,51.51733427,-0.103604248,"Snow Hill, Farringdon",10,15,5,2699,Farringdon,66.67,0
394,51.524826,-0.176268,"Aberdeen Place, St. John's Wood",0,18,18,2698,St. John's Wood,0,1
395,51.492462,-0.159919,"Cadogan Gardens, Chelsea",10,15,5,2695,Chelsea,66.67,0
396,51.51809,-0.163609,"Shouldham Street, Marylebone",1,16,15,2693,Marylebone,6.25,1
397,51.51348,-0.17977,"Devonshire Terrace, Bayswater",9,16,7,1227,Bayswater,56.25,0
398,51.502319,-0.200742,"Holland Park, Kensington",24,30,6,10631,Kensington,80,0
399,51.52261762,-0.071653961,"Brick Lane Market, Shoreditch",22,24,2,2687,Shoreditch,91.67,0
400,51.517703,-0.154106,"George Street, Marylebone",11,27,16,1225,Marylebone,40.74,0
401,51.528187,-0.075375,"Columbia Road, Shoreditch",17,24,7,2701,Shoreditch,70.83,0
402,51.52289229,-0.171681991,"Penfold Street, Marylebone",5,15,10,10625,Marylebone,33.33,0
403,51.51689296,-0.158249929,"George Place Mews, Marylebone",4,16,12,10630,Marylebone,25,0
404,51.50204238,-0.184400221,"Palace Gate, Kensington Gardens",2,13,11,1110,Kensington Gardens,15.38,1
405,51.49418566,-0.18267094,"Gloucester Road Station, South Kensington",5,15,10,1107,South Kensington,33.33,0
408,51.520009,-0.083935724,"Sun Street, Liverpool Street",19,24,5,1129,Liverpool Street,79.17,0
409,51.493146,-0.099828,"Strata, Elephant & Castle",12,41,29,10624,Elephant & Castle,29.27,0
410,51.519968,-0.169774,"Edgware Road Station, Marylebone",14,64,50,1058,Marylebone,21.88,1
411,51.499169,-0.055846029,"Rotherhithe Roundabout, Rotherhithe",4,19,15,10629,Rotherhithe,21.05,1
412,51.488105,-0.110121,"Cleaver Street, Kennington",7,17,10,10628,Kennington,41.18,0
419,51.485821,-0.149004,"Chelsea Bridge, Pimlico",2,15,13,22160,Pimlico,13.33,1
421,51.504044,-0.104778,"Southwark Station 2, Southwark",34,45,11,22163,Southwark,75.56,0
423,51.49456127,-0.15393398,"Eaton Square (South), Belgravia",15,31,16,22164,Belgravia,48.39,0
424,51.490491,-0.149186,"Ebury Bridge, Pimlico",16,29,13,22159,Pimlico,55.17,0
425,51.53792,-0.13053,"Camley Street, Camden Town",0,18,18,22181,Camden Town,0,1
426,51.493072,-0.129925,"Vincent Street, Pimlico",3,17,14,22161,Pimlico,17.65,1
427,51.51397065,-0.09294031,"Cheapside, Bank",32,43,11,22180,Bank,74.42,0
428,51.499917,-0.174554,"Exhibition Road, Knightsbridge",10,20,10,22179,Knightsbridge,50,0
430,51.48902,-0.17524,"South Parade, Chelsea",13,18,5,22182,Chelsea,72.22,0
431,51.534474,-0.122203,"Crinan Street, King's Cross",11,20,9,22183,King's Cross,55,0
432,51.496468,-0.17379696,"Exhibition Road Museums 1, South Kensington",9,13,4,22158,South Kensington,69.23,0
433,51.524564,-0.116279,"Wren Street, Holborn",15,33,18,22169,Holborn,45.45,0
435,51.488852,-0.105593,"Kennington Station, Kennington",8,23,15,22170,Kennington,34.78,0
436,51.51824,-0.11655,"Red Lion Street, Holborn",20,36,16,22171,Holborn,55.56,0
437,51.488124,-0.120903,"Vauxhall Walk, Vauxhall",10,27,17,200056,Vauxhall,37.04,0
439,51.5338,-0.118677,"Killick Street, King's Cross",10,22,12,200053,King's Cross,45.45,0
440,51.483145,-0.113134,"Kennington Oval, Oval",5,33,28,200032,Oval,15.15,1
441,51.495656,-0.114605,"Sail Street, Vauxhall",19,24,5,200039,Vauxhall,79.17,0
442,51.510101,-0.211358,"Walmer Road, Avondale",8,24,16,200035,Avondale,33.33,0
443,51.515256,-0.058641,"Philpot Street, Whitechapel",11,30,19,200033,Whitechapel,36.67,0
444,51.52568,-0.055312,"Bethnal Green Garden, Bethnal Green",10,24,14,200047,Bethnal Green,41.67,0
445,51.52388,-0.065076,"Cheshire Street, Bethnal Green",16,28,12,200003,Bethnal Green,57.14,0
446,51.528936,-0.055894,"York Hall, Bethnal Green",23,27,4,200042,Bethnal Green,85.19,0
447,51.493381,-0.007542,"Jubilee Crescent, Cubitt Town",7,54,47,200054,Cubitt Town,12.96,1
448,51.50623,-0.02296,"Fisherman's Walk West, Canary Wharf",27,36,9,22165,Canary Wharf,75,0
449,51.511088,-0.057159,"Shadwell Station, Shadwell",21,35,14,200020,Shadwell,60,0
450,51.515975,-0.053177,"Jubilee Street, Stepney",16,28,12,200002,Stepney,57.14,0
451,51.504719,-0.063531,"Hermitage Court, Wapping",3,16,13,200021,Wapping,18.75,1
452,51.505697,-0.070542,"St. Katharine's Way, Tower",15,24,9,200049,Tower,62.5,0
453,51.508447,-0.055167,"Garnet Street, Shadwell",11,24,13,200045,Shadwell,45.83,0
454,51.487679,-0.021582,"Napier Avenue, Millwall",5,20,15,200046,Millwall,25,0
455,51.49447,-0.014409,"East Ferry Road, Cubitt Town",13,17,4,200031,Cubitt Town,76.47,0
456,51.537706,-0.1448019,"Albert Street, Camden Town",21,26,5,200118,Camden Town,80.77,0
457,51.542138,-0.145393,"Castlehaven Road, Camden Town",21,29,8,200016,Camden Town,72.41,0
458,51.504749,-0.057544,"Wapping Lane, Wapping",12,28,16,200034,Wapping,42.86,0
459,51.535179,-0.03338,"Gunmakers Lane, Old Ford",12,17,5,200014,Old Ford,70.59,0
460,51.516196,-0.029138,"Burdett Road, Mile End",16,33,17,200123,Mile End,48.48,0
461,51.516,-0.038775,"Aston Street, Stepney",18,26,8,200013,Stepney,69.23,0
462,51.541603,-0.138853,"Bonny Street, Camden Town",27,45,18,200105,Camden Town,60,0
463,51.534776,-0.071881,"Thurtle Road, Haggerston",11,22,11,200093,Haggerston,50,0
464,51.51417,-0.052099,"St. Mary & St. Michael Church, Stepney",7,25,18,200082,Stepney,28,0
465,51.53558,-0.08249,"Pitfield Street North, Hoxton",16,28,12,200152,Hoxton,57.14,0
466,51.534464,-0.076341,"Whiston Road, Haggerston",8,21,13,200158,Haggerston,38.1,0
467,51.523538,-0.030556,"Southern Grove, Bow",6,17,11,200168,Bow,35.29,0
468,51.521564,-0.022694,"Cantrell Road, Bow",15,24,9,200150,Bow,62.5,0
469,51.513757,-0.020467,"Lindfield Street, Poplar",1,44,43,22178,Poplar,2.27,1
470,51.530535,-0.025492,"Mostyn Grove, Bow",29,46,17,200174,Bow,63.04,0
471,51.533283,-0.028155,"Hewison Street, Old Ford",8,19,11,200006,Old Ford,42.11,0
472,51.529452,-0.027616,"Malmesbury Road, Bow",12,21,9,200019,Bow,57.14,0
473,51.496137,-0.019355,"Millharbour, Millwall",15,19,4,22167,Millwall,78.95,0
474,51.541515,-0.038557746,"Gascoyne Road, Victoria Park",2,20,18,200155,Victoria Park,10,1
475,51.499041,-0.020157,"Lightermans Road, Millwall",5,31,26,200004,Millwall,16.13,1
476,51.489096,-0.009205,"Stebondale Street, Cubitt Town",28,29,1,200009,Cubitt Town,96.55,0
477,51.49109,-0.018716,"Spindrift Avenue, Millwall",26,36,10,200018,Millwall,72.22,0
478,51.521889,-0.04667,"Stepney Green Station, Stepney",9,21,12,200012,Stepney,42.86,0
479,51.527152,-0.058005,"Pott Street, Bethnal Green",17,20,3,200156,Bethnal Green,85,0
480,51.5128711,-0.0389866,"Flamborough Street, Limehouse",12,25,13,200115,Limehouse,48,0
481,51.487129,-0.0090011,"Saunders Ness Road, Cubitt Town",27,35,8,200022,Cubitt Town,77.14,0
482,51.495947,-0.17368958,"Exhibition Road Museums 2, South Kensington",12,14,2,200052,South Kensington,85.71,0
483,51.51328,-0.047784,"Albert Gardens, Stepney",17,33,16,22166,Stepney,51.52,0
484,51.528828,-0.013258,"Bromley High Street, Bow",1,24,23,22172,Bow,4.17,1
485,51.531127,-0.048017,"Old Ford Road, Bethnal Green",18,24,6,22173,Bethnal Green,75,0
486,51.525645,-0.069543,"Granby Street, Shoreditch",20,37,17,22174,Shoreditch,54.05,0
487,51.511811,-0.025626,"Canton Street, Poplar",8,23,15,22175,Poplar,34.78,0
488,51.506946,-0.058681,"Reardon Street, Wapping",11,22,11,22176,Wapping,50,0
489,51.513074,-0.064094,"Christian Street, Whitechapel",17,34,17,22177,Whitechapel,50,0
490,51.508622,-0.065006,"Pennington Street, Wapping",29,45,16,200090,Wapping,64.44,0
491,51.522507,-0.041378,"Queen Mary's, Mile End",29,45,16,200249,Mile End,64.44,0
492,51.525501,-0.032267204,"Maplin Street, Mile End",9,39,30,200230,Mile End,23.08,1
494,51.50196,-0.016251,"South Quay East, Canary Wharf",27,36,9,200233,Canary Wharf,75,0
495,51.528169,-0.018703,"Bow Church Station, Bow",1,39,38,200252,Bow,2.56,1
496,51.52512,-0.015578,"Devons Road, Bow",23,39,16,200255,Bow,58.97,0
497,51.526578,-0.027581,"Merchant Street, Bow",2,27,25,200242,Bow,7.41,1
498,51.527058,-0.025296,"Bow Road Station, Bow",1,42,41,200251,Bow,2.38,1
499,51.519265,-0.021345,"Furze Green, Bow",29,36,7,200011,Bow,80.56,0
500,51.520019,-0.05438,"Ansell House, Stepney",9,41,32,200148,Stepney,21.95,1
501,51.522561,-0.054883,"Cephas Street, Bethnal Green",13,24,11,200073,Bethnal Green,54.17,0
502,51.53341,-0.049591815,"Bonner Gate, Victoria Park",12,21,9,200241,Victoria Park,57.14,0
503,51.520893,-0.051394,"Cleveland Way, Stepney",10,36,26,200250,Stepney,27.78,0
504,51.496454,-0.009506,"St. John's Park, Cubitt Town",14,30,16,200243,Cubitt Town,46.67,0
505,51.520398,-0.026768,"Ackroyd Drive, Bow",16,29,13,200038,Bow,55.17,0
506,51.517475,-0.075855,"Bell Lane, Liverpool Street",5,23,18,200036,Liverpool Street,21.74,1
507,51.528692,-0.059091,"Clarkson Street, Bethnal Green",22,31,9,200131,Bethnal Green,70.97,0
508,51.519362,-0.074431,"Fournier Street, Whitechapel",12,18,6,200157,Whitechapel,66.67,0
509,51.517842,-0.090075,"Fore Street Avenue, Guildhall",12,19,7,200253,Guildhall,63.16,0
510,51.509303,-0.025996,"Westferry DLR, Limehouse",21,41,20,200238,Limehouse,51.22,0
511,51.511066,-0.053558,"Sutton Street, Shadwell",11,33,22,200256,Shadwell,33.33,0
512,51.532091,-0.06142,"Pritchard's Road, Bethnal Green",27,30,3,200083,Bethnal Green,90,0
513,51.5142228,-0.055656,"Watney Market, Stepney",12,51,39,200162,Stepney,23.53,1
514,51.516204,-0.155525,"Portman Square, Marylebone",8,17,9,200008,Marylebone,47.06,0
515,51.500088,-0.211316,"Russell Gardens, Olympia",3,24,21,200080,Olympia,12.5,1
516,51.5112,-0.014438,"Chrisp Street Market, Poplar",9,18,9,200089,Poplar,50,0
517,51.532513,-0.033085,"Ford Road, Old Ford",11,18,7,200027,Old Ford,61.11,0
518,51.528224,-0.037471,"Antill Road, Mile End",9,30,21,200041,Mile End,30,0
519,51.518811,-0.011662,"Teviot Street, Poplar",22,33,11,200254,Poplar,66.67,0
520,51.526041,-0.047218,"Bancroft Road, Bethnal Green",4,21,17,200234,Bethnal Green,19.05,1
521,51.534137,-0.037366,"Driffield Road, Old Ford",3,19,16,200030,Old Ford,15.79,1
522,51.525941,-0.036017,"Clinton Road, Mile End",33,36,3,200161,Mile End,91.67,0
523,51.51549,-0.013475,"Langdon Park, Poplar",18,24,6,200160,Poplar,75,0
524,51.511654,-0.179668,"Lancaster Gate , Bayswater",21,38,17,200017,Bayswater,55.26,0
525,51.496927,-0.21350087,"Blythe Road, Olympia",9,24,15,200153,Olympia,37.5,0
526,51.503143,-0.008428,"Lancaster Drive, Blackwall",17,27,10,200143,Blackwall,62.96,0
527,51.503802,-0.215808,"Hansard Mews, Holland Park",7,20,13,200154,Holland Park,35,0
528,51.507326,-0.145827,"Clarges Street, Mayfair",6,16,10,200088,Mayfair,37.5,0
529,51.486892,-0.170983,"Manresa Road, Chelsea",1,18,17,200010,Chelsea,5.56,1
530,51.508896,-0.012413,"Newby Place, Poplar",2,18,16,200146,Poplar,11.11,1
531,51.530326,-0.042744,"Twig Folly Bridge, Mile End",4,21,17,200167,Mile End,19.05,1
532,51.5034,-0.0202423,"Jubilee Plaza, Canary Wharf",25,63,38,200163,Canary Wharf,39.68,0
533,51.528222,-0.069743,"Wellington Row, Bethnal Green",20,33,13,200165,Bethnal Green,60.61,0
534,51.531864,-0.066035,"Goldsmith's Row, Haggerston",10,27,17,200159,Haggerston,37.04,0
535,51.537349,-0.147154,"Gloucester Avenue, Camden Town",9,24,15,200145,Camden Town,37.5,0
536,51.53385,-0.06992,"Queensbridge Road, Haggerston",19,35,16,200024,Haggerston,54.29,0
537,51.51793,-0.067937,"Old Montague Street, Whitechapel",3,18,15,200239,Whitechapel,16.67,1
538,51.508981,-0.00699,"Naval Row, Blackwall",1,21,20,200050,Blackwall,4.76,1
539,51.531091,-0.075901,"Hoxton Station, Hoxton",12,22,10,200151,Hoxton,54.55,0
540,51.528302,-0.144466,"Albany Street, The Regent's Park",6,27,21,200134,The Regent's Park,22.22,1
541,51.506613,-0.142844,"Green Park Station, Mayfair",13,28,15,200096,Mayfair,46.43,0
542,51.514115,-0.033828,"Salmon Lane, Limehouse",15,33,18,200147,Limehouse,45.45,0
543,51.509591,-0.204666,"Lansdowne Walk, Ladbroke Grove",12,21,9,200065,Ladbroke Grove,57.14,0
544,51.526153,-0.102208,"Percival Street, Finsbury",6,22,16,200051,Finsbury,27.27,0
545,51.539957,-0.145246,"Arlington Road, Camden Town",20,24,4,200070,Camden Town,83.33,0
546,51.517428,-0.107987,"New Fetter Lane, Holborn",11,21,10,200044,Holborn,52.38,0
547,51.509474,-0.002275,"East India DLR, Blackwall",3,51,48,200127,Blackwall,5.88,1
548,51.498386,-0.107913,"Westminster Bridge Road, Elephant & Castle",23,26,3,200076,Elephant & Castle,88.46,0
549,51.49605,-0.104193,"Gaywood  Street, Elephant & Castle",26,45,19,200132,Elephant & Castle,57.78,0
550,51.521564,-0.039264,"Harford Street, Mile End",8,23,15,200102,Mile End,34.78,0
551,51.505772,-0.016460175,"Import Dock, Canary Wharf",26,39,13,200066,Canary Wharf,66.67,0
552,51.511542,-0.056667,"Watney Street, Shadwell",7,27,20,200149,Shadwell,25.93,0
553,51.535678,-0.062546,"Regent's Row , Haggerston",19,24,5,200064,Haggerston,79.17,0
554,51.513548,-0.005659,"Aberfeldy Street, Poplar",0,16,16,200078,Poplar,0,1
556,51.502661,-0.021596,"Heron Quays DLR, Canary Wharf",13,27,14,200138,Canary Wharf,48.15,0
557,51.51601,-0.0985,"King Edward Street, St Pauls",13,20,7,200203,St Pauls,65,0
558,51.493978,-0.127554,"Page Street, Westminster",6,24,18,200048,Westminster,25,0
559,51.501391,-0.205991,"Abbotsbury Road, Holland Park",12,24,12,200111,Holland Park,50,0
560,51.511624,-0.205921,"Ladbroke Grove Central, Ladbroke Grove",15,21,6,200015,Ladbroke Grove,71.43,0
561,51.518369,-0.043371,"Rectory Square, Stepney",14,22,8,200037,Stepney,63.64,0
562,51.51742,-0.12319,"Bury Place, Holborn",5,21,16,200074,Holborn,23.81,1
563,51.499286,-0.009152,"Preston's Road, Cubitt Town",14,26,12,200232,Cubitt Town,53.85,0
564,51.509943,-0.117619,"Somerset House, Strand",36,41,5,200068,Strand,87.8,0
565,51.521905,-0.063386,"Selby Street, Whitechapel",13,17,4,200135,Whitechapel,76.47,0
566,51.509158,-0.224103,"Westfield Ariel Way, White City",24,42,18,200141,White City,57.14,0
568,51.51616,-0.18697,"Bishop's Bridge Road West, Bayswater",7,18,11,200110,Bayswater,38.89,0
569,51.53213,-0.08299,"Pitfield Street Central, Hoxton",14,30,16,200248,Hoxton,46.67,0
570,51.503083,-0.017676,"Upper Bank Street, Canary Wharf",6,36,30,200099,Canary Wharf,16.67,1
571,51.506256,-0.218337,"Westfield Southern Terrace ,Shepherd's Bush",22,29,7,200061,Sheperd's Bush,75.86,0
572,51.539099,-0.141728,"Greenland Road, Camden Town",23,36,13,200026,Camden Town,63.89,0
573,51.485587,-0.18119,"Limerston Street, West Chelsea",13,18,5,200001,West Chelsea,72.22,0
574,51.53356,-0.09315,"Eagle Wharf Road, Hoxton",27,45,18,200246,Hoxton,60,0
576,51.497304,-0.022793,"Alpha Grove, Millwall",3,23,20,200109,Millwall,13.04,1
577,51.528869,-0.047548,"Globe Town Market, Bethnal Green",14,20,6,200247,Bethnal Green,70,0
578,51.527607,-0.057133,"Hollybush Gardens, Bethnal Green",27,32,5,200244,Bethnal Green,84.38,0
579,51.511246,-0.093051,"Queen Street 2, Bank",16,36,20,200128,Bank,44.44,0
580,51.48692917,-0.102996299,"Doddington Grove, Kennington",5,36,31,200084,Kennington,13.89,1
581,51.519167,-0.147983,"New Cavendish Street, Marylebone",7,18,11,200005,Marylebone,38.89,0
583,51.49764,-0.12597218,"Abingdon Green, Westminster",16,20,4,200231,Westminster,80,0
584,51.51244,-0.19096,"Ilchester Gardens, Bayswater",4,21,17,200086,Bayswater,19.05,1
586,51.490645,-0.014582,"Mudchute DLR, Cubitt Town",6,31,25,200092,Cubitt Town,19.35,1
587,51.50964,-0.08497,"Monument Street, Monument",5,22,17,200101,Monument,22.73,1
588,51.52959,-0.0801,"Hoxton Street, Hoxton",17,27,10,200071,Hoxton,62.96,0
589,51.487196,-0.179369,"Drayton Gardens, West Chelsea",8,18,10,200060,West Chelsea,44.44,0
590,51.53256,-0.16862,"Greenberry Street, St.John's Wood",11,26,15,200236,St.John's Wood,42.31,0
591,51.506093,-0.2242237,"Westfield Library Corner, Shepherd's Bush",15,27,12,200227,Shepherd's Bush,55.56,0
592,51.5171,-0.18377,"Bishop's Bridge Road East, Bayswater",15,20,5,200108,Bayswater,75,0
593,51.531066,-0.11934,"Northdown Street, King's Cross",6,21,15,200058,King's Cross,28.57,0
594,51.513875,-0.117774,"Kingsway Southbound, Strand",26,33,7,200226,Strand,78.79,0
595,51.493267,-0.21985,"Hammersmith Road, Hammersmith",7,22,15,200142,Hammersmith,31.82,0
596,51.472817,-0.199783,"Parson's Green , Parson's Green",1,21,20,200237,Parson's Green,4.76,1
597,51.473471,-0.20782,"Fulham Park Road, Fulham",0,27,27,200229,Fulham,0,1
598,51.494499,-0.228188,"Southerton Road, Hammersmith",9,38,29,200166,Hammersmith,23.68,1
599,51.485743,-0.223616,"Manbre Road, Hammersmith",11,28,17,200235,Hammersmith,39.29,0
600,51.481747,-0.124642,"South Lambeth Road, Vauxhall",1,21,20,200133,Vauxhall,4.76,1
601,51.514767,-0.225787,"BBC White City, White City",21,36,15,200136,White City,58.33,0
602,51.472993,-0.133972,"Union Grove, Wandsworth Road",5,45,40,200211,Wandsworth Road,11.11,1
603,51.477839,-0.116493,"Caldwell Street, Stockwell",1,44,43,200137,Stockwell,2.27,1
604,51.538792,-0.138535,"St Martins Close, Camden Town",4,18,14,200195,Camden Town,22.22,1
605,51.520331,-0.163667,"Seymour Place, Marylebone",6,29,23,200198,Marylebone,20.69,1
606,51.504199,-0.210941,"Addison Road, Holland Park",2,26,24,200218,Holland Park,7.69,1
607,51.468814,-0.210279,"Putney Bridge Station, Fulham",12,21,9,200125,Fulham,57.14,0
608,51.491093,-0.216493,"Colet Gardens, Hammersmith",9,30,21,200224,Hammersmith,30,0
609,51.46512358,-0.157788279,"Sugden Road, Clapham",0,19,19,200208,Clapham,0,1
610,51.48256792,-0.172078187,"Danvers Street, West Chelsea",13,21,8,200222,West Chelsea,61.9,0
611,51.50646524,-0.208486599,"Princedale Road , Holland Park",10,20,10,200067,Holland Park,50,0
612,51.46925984,-0.141812513,"Wandsworth Rd, Isley Court, Wandsworth Road",9,30,21,200175,"Isley Court, Wandsworth Road",30,0
613,51.50403821,-0.217400093,"Woodstock Grove, Shepherd's Bush",4,24,20,200214,Shepherd's Bush,16.67,1
614,51.54119,-0.058826101,"London Fields, Hackney Central",1,21,20,200025,Hackney Central,4.76,1
615,51.4768851,-0.215895601,"Finlay Street, Fulham",1,24,23,200029,Fulham,4.17,1
616,51.48102131,-0.209973497,"Aintree Street, Fulham",9,24,15,200098,Fulham,37.5,0
617,51.47107905,-0.207842908,"Elysium Place, Fulham",0,21,21,200028,Fulham,0,1
618,51.47625965,-0.193254007,"Eel Brook Common, Walham Green",2,24,22,300003,Walham Green,8.33,1
619,51.4737636,-0.197010096,"Irene Road, Parsons Green",0,43,43,300012,Parsons Green,0,1
620,51.47518024,-0.167160736,"Surrey Lane, Battersea",11,26,15,300010,Battersea,42.31,0
621,51.46086446,-0.187427294,"Wandsworth Town Station, Wandsworth",20,33,13,200091,Wandsworth,60.61,0
622,51.50748124,-0.205535908,"Lansdowne Road, Ladbroke Grove",12,29,17,200172,Ladbroke Grove,41.38,0
623,51.46193072,-0.180791784,"Nantes Close, Wandsworth",14,22,8,200186,Wandsworth,63.64,0
624,51.4729184,-0.132102704,"Courland Grove, Wandsworth Road",19,40,21,200173,Wandsworth Road,47.5,0
625,51.47761941,-0.149551631,"Queen's Circus, Battersea Park",13,28,15,200190,Battersea Park,46.43,0
626,51.48438657,-0.20481514,"Normand Park, West Kensington",1,24,23,300008,West Kensington,4.17,1
627,51.4687905,-0.158230901,"Holden Street, Battersea",9,20,11,200007,Battersea,45,0
628,51.46881971,-0.184318843,"William Morris Way, Sands End",15,26,11,200062,Sands End,57.69,0
629,51.45995384,-0.190184054,"Morie Street, Wandsworth",13,28,15,200187,Wandsworth,46.43,0
630,51.47073264,-0.126994068,"Clarence Walk, Stockwell",11,28,17,200194,Stockwell,39.29,0
631,51.4795017,-0.141770709,"Battersea Park Road, Nine Elms",20,27,7,200183,Nine Elms,74.07,0
632,51.47053858,-0.163041605,"Sheepcote Lane, Battersea",8,28,20,200176,Battersea,28.57,0
633,51.48959104,-0.209378594,"Vereker Road, West Kensington",10,32,22,200116,West Kensington,31.25,0
634,51.49434708,-0.215804559,"Brook Green South, Brook Green",7,33,26,300002,Brook Green,21.21,1
635,51.48606206,-0.214428378,"Greyhound Road, Hammersmith",0,37,37,200215,Hammersmith,0,1
636,51.46706414,-0.193502076,"South Park, Sands End",1,28,27,200180,Sands End,3.57,1
637,51.45787019,-0.174691623,"Spencer Park, Wandsworth Common",0,25,25,200191,Wandsworth Common,0,1
638,51.46663393,-0.169821175,"Falcon Road, Clapham Junction",18,28,10,300014,Clapham Junction,64.29,0
640,51.47286577,-0.148059277,"Silverthorne Road, Battersea",21,28,7,200179,Battersea,75,0
641,51.49824168,-0.117495865,"Archbishop's Park, Waterloo",17,23,6,300025,Waterloo,73.91,0
642,51.46916161,-0.174485792,"Fawcett Close, Battersea",7,36,29,200192,Battersea,19.44,1
643,51.5190427,-0.204764421,"All Saints' Road, Portobello",3,22,19,300026,Portobello,13.64,1
644,51.48373225,-0.223852256,"Rainville Road, Hammersmith",18,36,18,200182,Hammersmith,50,0
645,51.50173215,-0.100292412,"Great Suffolk Street, The Borough",15,21,6,200200,The Borough,71.43,0
646,51.49886563,-0.137424571,"Buckingham Gate, Westminster",7,16,9,200178,Westminster,43.75,0
647,51.50035306,-0.217515071,"Richmond Way, Shepherd's Bush",3,27,24,200181,Shepherd's Bush,11.11,1
648,51.46904022,-0.19627483,"Peterborough Road, Sands End",1,30,29,200171,Sands End,3.33,1
649,51.48180515,-0.18027465,"World's End Place, West Chelsea",0,22,22,300009,West Chelsea,0,1
650,51.51687069,-0.213872396,"St. Mark's Road, North Kensington",0,21,21,300034,North Kensington,0,1
651,51.48089844,-0.183853573,"Thorndike Close, West Chelsea",8,25,17,300030,West Chelsea,32,0
652,51.51148696,-0.218190203,"Evesham Street, Avondale",4,29,25,300022,Avondale,13.79,1
653,51.47084722,-0.17070367,"Simpson Street, Clapham Junction",5,25,20,200196,Clapham Junction,20,1
654,51.48267821,-0.117661574,"Ashmole Estate, Oval",8,34,26,200223,Oval,23.53,1
655,51.48294452,-0.219346128,"Crabtree Lane, Fulham",2,27,25,200221,Fulham,7.41,1
656,51.46841875,-0.199135704,"Broomhouse Lane, Parsons Green",10,29,19,200040,Parsons Green,34.48,0
657,51.49968,-0.221791551,"Blythe Road West, Shepherd's Bush",2,21,19,200220,Shepherd's Bush,9.52,1
658,51.47729232,-0.16478637,"Ethelburga Estate, Battersea Park",12,30,18,300005,Battersea Park,40,0
659,51.511934,-0.10307894,"Blackfriars Station, St. Paul's",15,35,20,200212,St. Paul's,42.86,0
660,51.49087074,-0.206029743,"West Kensington Station, West Kensington",0,22,22,300020,West Kensington,0,1
661,51.51632095,-0.202608612,"All Saints Church, Portobello",12,37,25,300023,Portobello,32.43,0
662,51.48498496,-0.167919869,"Phene Street, Chelsea",10,24,14,200189,Chelsea,41.67,0
663,51.51323001,-0.211593602,"Clarendon Road, Avondale",3,24,21,200124,Avondale,12.5,1
664,51.474376,-0.155442787,"Austin Road, Battersea Park",9,24,15,300013,Battersea Park,37.5,0
665,51.46108367,-0.191722864,"Smugglers Way, Wandsworth",4,22,18,200113,Wandsworth,18.18,1
666,51.492668,-0.072350665,"Harris Academy, Bermondsey",6,18,12,300004,Bermondsey,33.33,0
667,51.5015946,-0.222293381,"Shepherd's Bush Road North, Shepherd's Bush",24,34,10,200209,Shepherd's Bush,70.59,0
668,51.49422354,-0.236769936,"Ravenscourt Park Station, Hammersmith",10,26,16,300037,Hammersmith,38.46,0
669,51.47614939,-0.1232585,"Teversham Lane, Stockwell",19,39,20,300036,Stockwell,48.72,0
670,51.46718562,-0.152248582,"Ashley Crescent, Battersea",6,28,22,200169,Battersea,21.43,1
671,51.475089,-0.201968,"Parsons Green Station, Parsons Green",10,56,46,300052,Parsons Green,17.86,1
672,51.502698,-0.1167474,"Chicheley Street, South Bank",21,24,3,200206,South Bank,87.5,0
673,51.46517078,-0.18038939,"Hibbert Street, Battersea",10,36,26,300051,Battersea,27.78,0
674,51.53546778,-0.11619105,"Carnegie Street, King's Cross",29,40,11,300035,King's Cross,72.5,0
675,51.46348914,-0.182126248,"Usk Road, Clapham Junction",1,30,29,200126,Clapham Junction,3.33,1
676,51.47787084,-0.126874471,"Hartington Road, Stockwell",3,35,32,200207,Stockwell,8.57,1
677,51.46866929,-0.146544642,"Heath Road, Battersea",13,27,14,200023,Battersea,48.15,0
678,51.46231278,-0.211468596,"Esmond Street, Putney",2,30,28,200170,Putney,6.67,1
679,51.47453545,-0.170210533,"Orbel Street, Battersea",11,26,15,200114,Battersea,42.31,0
680,51.47768469,-0.170329317,"Westbridge Road, Battersea",17,28,11,200210,Battersea,60.71,0
681,51.47303687,-0.214749808,"Bishop's Avenue, Fulham",1,46,45,200043,Fulham,2.17,1
682,51.48810829,-0.22660621,"Crisp Road, Hammersmith",4,46,42,200059,Hammersmith,8.7,1
683,51.46506424,-0.163750945,"Dorothy Road, Clapham Junction",5,28,23,200119,Clapham Junction,17.86,1
684,51.45475251,-0.195197203,"Neville Gill Close, Wandsworth",20,32,12,200188,Wandsworth,62.5,0
685,51.46067005,-0.198735357,"Osiers Road, Wandsworth",3,30,27,200219,Wandsworth,10,1
686,51.48814438,-0.222456468,"Beryl Road, Hammersmith",6,26,20,200097,Hammersmith,23.08,1
687,51.4954,-0.061698585,"Clements Road, Bermondsey",16,23,7,200216,Bermondsey,69.57,0
688,51.46095151,-0.20066766,"Northfields, Wandsworth",4,28,24,200204,Wandsworth,14.29,1
689,51.45922541,-0.180884959,"Spanish Road, Clapham Junction",11,30,19,200106,Clapham Junction,36.67,0
690,51.47047503,-0.152130083,"Stanley Grove, Battersea",8,24,16,200199,Battersea,33.33,0
691,51.47946386,-0.195777222,"Erin Close, Walham Green",1,24,23,200184,Walham Green,4.17,1
692,51.54211855,-0.028941601,"Cadogan Close, Victoria Park",1,22,21,200112,Victoria Park,4.55,1
693,51.464786,-0.215618902,"Felsham Road, Putney",11,18,7,300019,Putney,61.11,0
694,51.46071722,-0.216526155,"Putney Rail Station, Putney",0,20,20,300033,Putney,0,1
695,51.53638435,-0.102757578,"Islington Green, Angel",1,21,20,300031,Angel,4.76,1
696,51.48728535,-0.217995921,"Charing Cross Hospital, Hammersmith",3,21,18,300018,Hammersmith,14.29,1
697,51.53639219,-0.112721065,"Charlotte Terrace, Angel",0,25,25,200129,Angel,0,1
698,51.53908372,-0.070329419,"Shoreditch Court, Haggerston",1,35,34,200121,Haggerston,2.86,1
699,51.5366541,-0.07023031,"Belford House, Haggerston",3,39,36,200057,Haggerston,7.69,1
700,51.47696496,-0.174347066,"Battersea Church Road, Battersea",3,25,22,200201,Battersea,12,1
701,51.47287627,-0.176267008,"Vicarage Crescent, Battersea",1,30,29,200077,Battersea,3.33,1
702,51.52868155,-0.065550321,"Durant Street, Bethnal Green",13,24,11,200213,Bethnal Green,54.17,0
703,51.51505991,-0.10534448,"St. Bride Street, Holborn",17,25,8,200094,Holborn,68,0
704,51.45682071,-0.202802098,"Mexfield Road, East Putney",0,18,18,200063,East Putney,0,1
705,51.45971528,-0.212145939,"Upper Richmond Road, Putney",1,25,24,300042,Putney,4,1
706,51.50215353,-0.083632928,"Snowsfields, London Bridge",29,31,2,200193,London Bridge,93.55,0
707,51.49021762,-0.215087092,"Barons Court Station, West Kensington",15,32,17,200197,West Kensington,46.88,0
708,51.4616107,-0.2161458,"Disraeli Road, Putney",3,33,30,200217,Putney,9.09,1
709,51.46321128,-0.215550761,"Montserrat Road , Putney",2,23,21,200205,Putney,8.7,1
710,51.47439218,-0.163347594,"Albert Bridge Road, Battersea Park",9,20,11,300045,Battersea Park,45,0
711,51.48335692,-0.216305546,"Everington Street, Fulham",7,31,24,300028,Fulham,22.58,1
712,51.51854104,-0.034903714,"Mile End Stadium, Mile End",7,22,15,300056,Mile End,31.82,0
713,51.54100708,-0.14326094,"Hawley Crescent, Camden Town",16,21,5,200122,Camden Town,76.19,0
714,51.47311696,-0.137235175,"Stewart's Road, Wandsworth Road",7,28,21,300055,Wandsworth Road,25,0
715,51.51563007,-0.049067243,"Aylward Street, Stepney",14,22,8,300049,Stepney,63.64,0
716,51.51542791,-0.02356501,"Stainsby Road , Poplar",7,24,17,300048,Poplar,29.17,0
717,51.53658514,-0.075885686,"Dunston Road , Haggerston",17,43,26,300024,Haggerston,39.53,0
718,51.53571683,-0.060291813,"Ada Street, Hackney Central",20,45,25,300040,Hackney Central,44.44,0
719,51.53642464,-0.054162264,"Victoria Park Road, Hackney Central",13,34,21,300011,Hackney Central,38.24,0
720,51.48724429,-0.205279052,"Star Road, West Kensington",6,23,17,300038,West Kensington,26.09,0
721,51.53603947,-0.026262677,"Wendon Street, Old Ford",7,18,11,300039,Old Ford,38.89,0
722,51.52458353,-0.058631453,"Finnis Street, Bethnal Green",11,19,8,300041,Bethnal Green,57.89,0
723,51.46822047,-0.190346493,"Stephendale Road, Sands End",2,48,46,300053,Sands End,4.17,1
724,51.45799126,-0.184806157,"Alma Road, Wandsworth",0,28,28,300046,Wandsworth,0,1
725,51.491327,-0.096518684,"Walworth Square, Walworth",15,24,9,300050,Walworth,62.5,0
726,51.47505096,-0.150908371,"Alfreda Street, Battersea Park",10,22,12,300047,Battersea Park,45.45,0
727,51.47569809,-0.20587627,"Chesilton Road, Fulham",7,23,16,300054,Fulham,30.43,0
728,51.46199911,-0.206240805,"Putney Bridge Road, East Putney",3,29,26,300044,East Putney,10.34,1
729,51.47893931,-0.208485293,"St. Peter's Terrace, Fulham",2,24,22,300043,Fulham,8.33,1
730,51.49208492,-0.229116862,"Bridge Avenue, Hammersmith",10,18,8,300082,Hammersmith,55.56,0
731,51.47727637,-0.189210466,"Michael Road, Walham Green",15,37,22,300095,Walham Green,40.54,0
732,51.50630441,-0.087262995,"Duke Street Hill, London Bridge",14,21,7,300083,London Bridge,66.67,0
733,51.50542628,-0.150817316,"Park Lane, Mayfair",5,18,13,300093,Mayfair,27.78,0
734,51.46230566,-0.175407201,"Plough Terrace, Clapham Junction",0,31,31,300094,Clapham Junction,0,1
735,51.46489445,-0.17302926,"Grant Road East, Clapham Junction",15,28,13,200120,Clapham Junction,53.57,0
736,51.50659035,-0.216104479,"Queensdale Road, Shepherd's Bush",26,28,2,300088,Shepherd's Bush,92.86,0
737,51.47993289,-0.19411695,"Fulham Broadway, Walham Green",3,26,23,300086,Walham Green,11.54,1
738,51.47514228,-0.187278987,"Imperial Road, Sands End",1,37,36,300087,Sands End,2.7,1
739,51.48176572,-0.185273723,"Hortensia Road, West Brompton",17,28,11,300091,West Brompton,60.71,0
740,51.51092871,-0.214594781,"Sirdar Road, Avondale",2,26,24,300084,Avondale,7.69,1
741,51.5129814,-0.219486603,"Freston Road, Avondale",5,23,18,300085,Avondale,21.74,1
742,51.51510818,-0.208565479,"Blenheim Crescent, Ladbroke Grove",2,22,20,300090,Ladbroke Grove,9.09,1
743,51.46079243,-0.212607684,"Oxford Road, Putney",1,29,28,300078,Putney,3.45,1
744,51.46745485,-0.172293499,"Ingrave Street, Clapham Junction",27,30,3,300077,Clapham Junction,90,0
745,51.47816972,-0.18243547,"Upcerne Road, West Chelsea",20,29,9,300075,West Chelsea,68.97,0
746,51.4795738,-0.17903854,"Lots Road, West Chelsea",7,24,17,300076,West Chelsea,29.17,0
747,51.48796408,-0.161765173,"Ormonde Gate, Chelsea",20,24,4,300089,Chelsea,83.33,0
748,51.53727795,-0.079201849,"Hertford Road, De Beauvoir Town",5,25,20,300092,De Beauvoir Town,20,1
749,51.53932857,-0.074284675,"Haggerston Road, Haggerston",18,37,19,300081,Haggerston,48.65,0
750,51.4710956,-0.157850096,"Culvert Road, Battersea",9,27,18,300080,Battersea,33.33,0
751,51.51612862,-0.120909408,"Newton Street, Covent Garden",6,24,18,300074,Covent Garden,25,0
752,51.515117,-0.17371276,"London Street, Paddington",8,19,11,300079,Paddington,42.11,0
754,51.5129006,-0.214762686,"Grenfell Road, Avondale",20,24,4,300067,Avondale,83.33,0
755,51.48512191,-0.174971902,"The Vale, Chelsea",1,24,23,300058,Chelsea,4.17,1
756,51.47515398,-0.159169801,"Prince of Wales Drive, Battersea Park",16,21,5,300073,Battersea Park,76.19,0
757,51.48795853,-0.187404506,"Harcourt Terrace, West Brompton",10,24,14,300069,West Brompton,41.67,0
758,51.51787005,-0.201005397,"Westbourne Park Road, Portobello",12,23,11,300057,Portobello,52.17,0
759,51.52456169,-0.165668686,"Broadley Terrace, Marylebone",0,18,18,300072,Marylebone,0,1
760,51.524309,-0.2012346,"Elgin Avenue, Maida Hill",0,18,18,300071,Maida Hill,0,1
761,51.48321729,-0.211860644,"Humbolt Road, Fulham",3,26,23,300068,Fulham,11.54,1
762,51.50070305,-0.129698963,"Storey's Gate, Westminster",11,21,10,200202,Westminster,52.38,0
763,51.52059714,-0.032566533,"Mile End Park Leisure Centre, Mile End",15,47,32,300027,Mile End,31.91,0
764,51.46239255,-0.16829214,"St. John's Road, Clapham Junction",32,33,1,200185,Clapham Junction,96.97,0
765,51.46760141,-0.20682737,"Ranelagh Gardens, Fulham",9,39,30,300064,Fulham,23.08,1
766,51.45752945,-0.192165613,"Ram Street, Wandsworth",15,25,10,200079,Wandsworth,60,0
767,51.45705988,-0.200806304,"Santos Road, Wandsworth",5,30,25,200177,Wandsworth,16.67,1
768,51.46134382,-0.159322467,"Clapham Common North Side, Clapham Common",9,37,28,300065,Clapham Common,24.32,1
769,51.473611,-0.191803,"Sandilands Road, Walham Green",4,21,17,300001,Walham Green,19.05,1
770,51.491026,-0.209121,"Gwendwr Road, West Kensington",0,30,30,300097,West Kensington,0,1
771,51.509224,-0.216016,"Rifle Place, Avondale",5,21,16,300007,Avondale,23.81,1
772,51.47250956,-0.122831913,"Binfield Road, Stockwell",15,35,20,300015,Stockwell,42.86,0
773,51.511891,-0.107349,"Tallis Street, Temple",16,24,8,300096,Temple,66.67,0
774,51.470131,-0.20464,"Hurlingham Park, Parsons Green",13,20,7,300098,Parsons Green,65,0
775,51.496664,-0.223868,"Little Brook Green, Brook Green",12,33,21,300101,Brook Green,36.36,0
777,51.46192307,-0.165297857,"Limburg Road, Clapham Junction",16,21,5,300100,Clapham Junction,76.19,0
779,51.514449,-0.077178979,"Houndsditch, Aldgate",13,28,15,200072,Aldgate,46.43,0
780,51.474665,-0.18316517,"Imperial Wharf Station, Sands End",1,25,24,300070,Sands End,4,1
781,51.495898,-0.173009,"Victoria & Albert Museum, South Kensington",27,30,3,300032,South Kensington,90,0
782,51.483911,-0.19760944,"Halford Road, West Kensington",4,24,20,300210,West Kensington,16.67,1
783,51.5403115,-0.021630359,"Monier Road, Hackney Wick",3,27,24,300213,Hackney Wick,11.11,1
784,51.546326,-0.00993526,"East Village, Queen Elizabeth Olympic Park",12,34,22,300200,Queen Elizabeth Olympic Park,35.29,0
786,51.549369,-0.015717614,"Lee Valley VeloPark, Queen Elizabeth Olympic Park",5,44,39,300029,Queen Elizabeth Olympic Park,11.36,1
787,51.546805,-0.01469126,"Timber Lodge, Queen Elizabeth Olympic Park",4,35,31,300227,Queen Elizabeth Olympic Park,11.43,1
788,51.544909,-0.0205426,"Copper Box Arena, Queen Elizabeth Olympic Park",7,31,24,300226,Queen Elizabeth Olympic Park,22.58,1
789,51.538718,-0.011889482,"Podium, Queen Elizabeth Olympic Park",33,40,7,300021,Queen Elizabeth Olympic Park,82.5,0
790,51.541793,-0.00481,"Stratford Station, Stratford",26,28,2,300234,Stratford,92.86,0
792,51.505461,-0.10454093,"Blackfriars Road, Southwark",33,42,9,300214,Southwark,78.57,0
793,51.528279,-0.11955857,"Cromer Street, Bloomsbury",18,28,10,300205,Bloomsbury,64.29,0
794,51.461376,-0.14780467,"Victoria Rise, Clapham Common",2,23,21,300204,Clapham Common,8.7,1
795,51.527068,-0.13186102,"Euston Square Gardens, Euston",5,30,25,300203,Euston,16.67,1
796,51.524,-0.12640984,"Coram Street, Bloomsbury",14,29,15,300201,Bloomsbury,48.28,0
797,51.5293,-0.12827903,"Ossulston Street, Somers Town",25,30,5,300211,Somers Town,83.33,0
798,51.53019988,-0.122299441,"Birkenhead Street, King's Cross",15,27,12,300212,King's Cross,55.56,0
799,51.49769846,-0.137598896,"Kings Gate House, Westminster",5,24,19,300202,Westminster,20.83,1
800,51.48112194,-0.149035375,"Sopwith Way, Battersea Park",10,30,20,300248,Battersea Park,33.33,0
801,51.50522417,-0.098031812,"Lavington Street, Bankside",10,29,19,300208,Bankside,34.48,0
802,51.47659006,-0.118256789,"Albert Square, Stockwell",5,32,27,300209,Stockwell,15.63,1
803,51.50540994,-0.098341088,"Southwark Street, Bankside",15,23,8,300238,Bankside,65.22,0
804,51.53466774,-0.125078653,"Good's Way, King's Cross",15,27,12,300243,King's Cross,55.56,0
805,51.520509,-0.20080483,"The Metropolitan, Portobello",1,18,17,300244,Portobello,5.56,1
806,51.53724056,-0.124807386,"Handyside Street, King's Cross",3,27,24,300241,King's Cross,11.11,1
807,51.5212,-0.208888173,"Bevington Road West, North Kensington",3,24,21,300236,North Kensington,12.5,1
808,51.464995,-0.13090885,"Gauden Road, Clapham",2,28,26,300207,Clapham,7.14,1
809,51.51627788,-0.118272992,"Lincoln's Inn Fields, Holborn",18,28,10,300240,Holborn,64.29,0
810,51.50672529,-0.098807246,"Tate Modern, Bankside",25,30,5,300237,Bankside,83.33,0
811,51.50570304,-0.027772743,"Westferry Circus, Canary Wharf",21,36,15,300228,Canary Wharf,58.33,0
812,51.54873119,-0.022606555,"Here East North, Queen Elizabeth Olympic Park",9,28,19,300217,Queen Elizabeth Olympic Park,32.14,0
813,51.48780745,-0.122759626,"New Spring Gardens Walk, Vauxhall",22,37,15,300224,Vauxhall,59.46,0
814,51.47143307,-0.123670736,"Clapham Road, Lingham Street, Stockwell",17,30,13,300245,"Lingham Street, Stockwell",56.67,0
815,51.5000892,-0.116628701,"Lambeth Palace Road, Waterloo",29,35,6,300231,Waterloo,82.86,0
816,51.54653279,-0.02059759,"Here East South, Queen Elizabeth Olympic Park",14,28,14,300219,Queen Elizabeth Olympic Park,50,0
817,51.48133547,-0.138212296,"Riverlight South, Nine Elms",2,26,24,300232,Nine Elms,7.69,1
818,51.501513,-0.12382322,"Westminster Pier, Westminster",12,27,15,300249,Westminster,44.44,0
819,51.50621,-0.114842,"Belvedere Road 2, South Bank",32,38,6,300246,South Bank,84.21,0
820,51.492807,-0.091938,"Victory Place, Walworth",12,24,12,300239,Walworth,50,0
821,51.48350749,-0.147714557,"Battersea Power Station, Battersea Park",5,27,22,300221,Battersea Park,18.52,1
826,51.496863,-0.1429434,"Allington Street, Victoria",22,28,6,300242,Victoria,78.57,0
827,51.479601,-0.11147178,"Cranmer Road, Stockwell",1,24,23,300247,Stockwell,4.17,1
828,51.473874,-0.11258096,"Normandy Road, Stockwell",2,32,30,300225,Stockwell,6.25,1
829,51.469217,-0.11268674,"Wynne Road, Stockwell",4,25,21,300230,Stockwell,16,1
830,51.469202,-0.11902256,"Sidney Road, Stockwell",13,27,14,300229,Stockwell,48.15,0
831,51.466232,-0.11317995,"St John's Crescent, Brixton",16,25,9,300215,Brixton,64,0
832,51.464019,-0.11578197,"Ferndale Road, Brixton",19,30,11,200240,Brixton,63.33,0
833,51.460232,-0.11537509,"Saltoun Road, Brixton",0,42,42,300206,Brixton,0,1
834,51.477966,-0.14785703,"Gas Holders, Battersea Park",2,26,24,300216,Battersea Park,7.69,1
835,51.516785,-0.10494775,"Farringdon Street, Holborn",17,25,8,300220,Holborn,68,0
836,51.541596,-0.12544145,"York Way, Kings Cross",5,24,19,300235,Kings Cross,20.83,1
838,51.518093,-0.0914017,"Fore Street, Guildhall",7,25,18,300222,Guildhall,28,0
839,51.508033,-0.10682363,"Sea Containers, South Bank",13,30,17,200144,South Bank,43.33,0
840,51.498585,-0.068981764,"George Row, Bermondsey",13,22,9,2679,Bermondsey,59.09,0
841,51.500845,-0.074704305,"Tower Wharf, Bermondsey",0,20,20,2667,Bermondsey,0,1
842,51.510981,-0.10832249,"Temple Gardens, Temple",17,24,7,300250,Temple,70.83,0
844,51.498439,-0.049150215,"Canada Water Station, Rotherhithe",11,35,24,300252,Rotherhithe,31.43,0
845,51.497995,-0.063471392,"Bermondsey Station, Bermondsey",14,30,16,300253,Bermondsey,46.67,0
846,51.48224,-0.0942844,"Burgess Park Albany Road, Walworth",8,30,22,300063,Walworth,26.67,0
847,51.488067,-0.057774596,"South Bermondsey Station, Bermondsey",17,24,7,300062,Bermondsey,70.83,0
849,51.495598,-0.078893,"Crimscott Street, Bermondsey",0,19,19,300061,Bermondsey,0,1
850,51.489102,-0.0915489,"Brandon Street, Walworth",4,22,18,300060,Walworth,18.18,1
851,51.492221,-0.0625131,"The Blue, Bermondsey",7,22,15,300059,Bermondsey,31.82,0
852,51.4835707,-0.2020387,"Coomer Place, West Kensington",17,27,10,200081,West Kensington,62.96,0
857,51.512582,-0.1150573,"Strand, Strand",26,35,9,1100,Strand,74.29,0
864,51.4981256,-0.1321022,"Abbey Orchard Street, Westminster",6,29,23,3429,Westminster,20.69,1
865,51.5246962,-0.0844393,"Leonard Circus , Shoreditch",21,43,22,1020,Shoreditch,48.84,0